title,url
Beauty Bonanza Online at Best Price | Flipkart.com,https://www.flipkart.com/offers/beauty-bonanza
International Beauty Store - Shop Premium Products & Cosmetics Online - Flipkart.com,https://www.flipkart.com/premium-beauty-store
Camera Accessories - Buy Camera Accessories Products Online at Best Price in India | Flipkart.com,https://www.flipkart.com/cameras/accessories
Watches Bags Wallets - Buy Watches Bags Wallets Online at Best Prices in India,https://www.flipkart.com/bags-wallets-belts/pr?sid=reh
Remote Control Toys - Buy Remote Control Toys Online at Best Prices in India - Flipkart.com,"https://www.flipkart.com/toys/remote-control-toys/pr?sid=mgl,56m"
Fragrances Store Online - Buy Fragrances Products Online | Flipkart.com,"https://www.flipkart.com/beauty-and-personal-care/fragrances/pr?sid=t06,r3o&otracker=product_breadCrumbs_Fragrances"
"Online Shopping Site for Mobiles, Fashion, Books, Electronics, Home Appliances and More",https://www.flipkart.com/
Men's Footwear - Buy Men's Footwear & Shoes Sale Online at Best Price in India - Flipkart.com,https://www.flipkart.com/mens-footwear-store
Zovi Shoes - Buy Zovi Shoes online at best prices - Flipkart.com,https://www.flipkart.com/q/zovi-shoes
"Lenovo X2-AP (Gold, 32 GB) Online at Best Price with Great Offers Only On Flipkart.com",https://www.flipkart.com/lenovo-x2-ap-gold-32-gb/p/itmef966ajbgseja
VU TV's - Buy VU LED/Smart/3D/Full HD TV Online at Best Price In India,https://www.flipkart.com/televisions/vu~brand/pr?sid=ckf%2Cczl
Baby Care Selfie Contest Store Online - Buy Products Online at Best Price in India | Flipkart.com,http://www.flipkart.com/baby-care/terms-conditions
Zuicy Shoes - Buy Zuicy Shoes online at best prices - Flipkart.com,https://www.flipkart.com/q/zuicy-shoes
Girls Toys Store - Buy Toys For Girls Online at Best Prices in India - Flipkart.com,http://www.flipkart.com/toys/toys-for-girls
Wrangler T Shirts - Buy Wrangler T Shirts online at best prices - Flipkart.com,https://www.flipkart.com/q/wrangler-t-shirts
Wrangler Jeans - Buy Wrangler Jeans online at best prices - Flipkart.com,https://www.flipkart.com/q/wrangler-jeans
Woodland Shoes Online - Buy Woodland Shoes For Men Online at Best Prices in India - Flipkart.com,https://www.flipkart.com/q/woodland-shoes
Wrangler Trouser - Buy Wrangler Trouser online at best prices - Flipkart.com,https://www.flipkart.com/q/wrangler-trouser
Wireless Keyboard - Buy Wireless Keyboard online at best prices - Flipkart.com,https://www.flipkart.com/q/wireless-keyboard
Wireless Speakers - Buy Wireless Speakers Online at Best Prices in India | Flipkart.com,https://www.flipkart.com/q/wireless-speakers
Wedding Gifts - Buy Anniversary Gifts Online at India's Best Online Shopping Store - Wedding Gifts Store - Flipkart.com,https://www.flipkart.com/q/wedding-gifts
Wireless Mouse - Buy Wireless Mouse online at best prices - Flipkart.com,https://www.flipkart.com/q/wireless-mouse
Vans Shoes - Buy Vans Shoes online at best prices - Flipkart.com,https://www.flipkart.com/q/vans-shoes
Wrangler Shirts - Buy Wrangler Shirts online at best prices - Flipkart.com,https://www.flipkart.com/q/wrangler-shirts
Valentino Shoes - Buy Valentino Shoes online at best prices - Flipkart.com,https://www.flipkart.com/q/valentino-shoes
United Colors Of Benetton Shoes - Buy United Colors Of Benetton Shoes online at best prices - Flipkart.com,https://www.flipkart.com/q/united-colors-of-benetton-shoes
Vivobarefoot Shoes - Buy Vivobarefoot Shoes online at best prices - Flipkart.com,https://www.flipkart.com/q/vivobarefoot-shoes
Trousers - Buy Trousers online at best prices - Flipkart.com,https://www.flipkart.com/q/trousers
Sports Watches For Men & Women Online at Best Prices In India | Flipkart.com,https://www.flipkart.com/q/sports-watches
Swiss Watches - Buy Swiss Watches online at best prices - Flipkart.com,https://www.flipkart.com/q/swiss-watches
Timex Watches - Buy Timex Watches Online at India's Best Online Shopping Store  | Flipkart.com,https://www.flipkart.com/q/timex-watches
Sweaters - Buy Sweaters online at best prices - Flipkart.com,https://www.flipkart.com/q/sweaters
Style Centrum Shoes - Buy Style Centrum Shoes online at best prices - Flipkart.com,https://www.flipkart.com/q/style-centrum-shoes
Sports T Shirts - Buy Sports T Shirts online at best prices - Flipkart.com,https://www.flipkart.com/q/sports-t-shirts
Kids Tricycle Online - Buy Tricycle For Kids Online At Best Price in India - Flipkart.com,https://www.flipkart.com/q/tricycles
Tommy Hilfiger Watches - Buy Tommy Hilfiger Watches Online For Men & Women At Best Prices In India - Flipkart.com,https://www.flipkart.com/q/tommy-hilfiger-watches
Spinn Shoes - Buy Spinn Shoes online at best prices - Flipkart.com,https://www.flipkart.com/q/spinn-shoes
Sports Shoes - Buy Sports Shoes for men and Women's at India's Best Online Shopping Site,https://www.flipkart.com/q/sports-shoes
Home & Kitchen Store Online - Buy Home & Kitchen Products Online at Best Price in India | Flipkart.com,http://www.flipkart.com/home-kitchen
Sony Mobiles - Buy Sony Mobiles Online at India's Best Online Shopping Store - Sony Mobiles Store | Flipkart.com,https://www.flipkart.com/q/sony-mobiles
Sony Cybershot Cameras - Buy Sony Cybershot Cameras online at best prices - Flipkart.com,https://www.flipkart.com/q/sony-cybershot-cameras
Sony Laptops - Buy Sony Laptops online at best prices - Flipkart.com,https://www.flipkart.com/q/sony-laptops
Smart Watches - Buy Smart Watches Online at India's Best Online Shopping Store - Flipkart.com,https://www.flipkart.com/q/smart-watches
Sneakers - Buy Sneakers for Men and Women's Online at India's Best Online Shopping Store - | Flipkart.com,https://www.flipkart.com/q/sneakers
Slippers for Men and Women |  Buy Slippers & Flip Flops Online at India's Best Online Shopping Site,https://www.flipkart.com/q/slippers-flip-flops
Shoes Online - Buy Shoes for Men and Women at India's Best Online Shopping Store | Flipkart.com,https://www.flipkart.com/q/shoes
Sandals and Floaters - Buy Sandals and Floaters Online at India's Best Online Shopping Store - Sandals and Floaters Store - Flipkart.com,https://www.flipkart.com/q/sandals-floaters
Sony Xperia Mobiles - Buy Sony Xperia Mobiles online at best prices - Flipkart.com,https://www.flipkart.com/q/sony-xperia-mobiles
Sony Cameras - Buy Latest Sony Cameras Online at India's Best Online Shopping Store | Flipkart.com,https://www.flipkart.com/q/sony-cameras
Samsung Wave Mobiles - Buy Samsung Wave Mobiles online at best prices - Flipkart.com,https://www.flipkart.com/q/samsung-wave-mobiles
Sony Bravia Tv - Buy Sony Bravia Tv online at best prices - Flipkart.com,https://www.flipkart.com/q/sony-bravia-tv
Samsung Tablets - Buy Samsung Tablets Online at India's Best Online Shopping Store - Samsung Tablets Store - Flipkart.com,https://www.flipkart.com/q/samsung-tablets
Shirts - Buy Latest Shirts online at Flipkart.com,https://www.flipkart.com/q/shirts
Silver Watches - Buy Silver Watches online at best prices - Flipkart.com,https://www.flipkart.com/q/silver-watches
Skechers Shoes - Buy Skechers Shoes online at best prices - Flipkart.com,https://www.flipkart.com/q/skechers-shoes
Samsung Mobile: Buy Samsung Mobile Online at Best Price in India at Flipkart.com,https://www.flipkart.com/q/samsung-mobiles
Samsung Omnia Mobiles - Buy Samsung Omnia Mobiles online at best prices - Flipkart.com,https://www.flipkart.com/q/samsung-omnia-mobiles
Running Shoes - Buy Running Shoes online at best prices - Flipkart.com,https://www.flipkart.com/q/running-shoes
Reebok Shoes - Buy Reebok Shoes Online For Men & Women at Best Prices in India - Flipkart.com,https://www.flipkart.com/q/reebok-shoes
Rose Gold Watches - Buy Rose Gold Watches online at best prices - Flipkart.com,https://www.flipkart.com/q/rose-gold-watches
Ray Ban Wayfarer - Buy Ray Ban Wayfarer Sunglasses Store Online at India's Best Online Shopping Store - Flipkart.com,https://www.flipkart.com/q/rayban-wayfarer
Salomon Shoes - Buy Salomon Shoes online at best prices - Flipkart.com,https://www.flipkart.com/q/salomon-shoes
Quechua Shoes - Buy Quechua Shoes online at best prices - Flipkart.com,https://www.flipkart.com/q/quechua-shoes
Rakhi - Buy Rakhi Online at India's Best Online Shopping Store - Rakhi Store | Flipkart.com,https://www.flipkart.com/q/rakhi
Red Tape Shoes - Buy Red Tape Shoes online at best prices - Flipkart.com,https://www.flipkart.com/q/red-tape-shoes
Samsung Galaxy Mobiles - Buy Samsung Galaxy Mobiles online at best prices - Flipkart.com,https://www.flipkart.com/q/samsung-galaxy-mobiles
Puma T Shirts - Buy Puma T Shirts online at best prices - Flipkart.com,https://www.flipkart.com/q/puma-t-shirts
Ray ban Aviator - Buy Ray ban Aviator Sunglasses Online at India's Best Online Shopping Store - Rayban Aviator Store - Flipkart.com,https://www.flipkart.com/q/rayban-aviator
Puma Shoes for men and women - Buy Puma Shoes Online at India's Best Online Shopping Site - Flipkart.com,https://www.flipkart.com/q/puma-shoes
Quartz Watches - Buy Quartz Watches online at best prices - Flipkart.com,https://www.flipkart.com/q/quartz-watches
Puma Shirts - Buy Puma Shirts online at best prices - Flipkart.com,https://www.flipkart.com/q/puma-shirts
Power Shoes - Buy Power Shoes online at best prices - Flipkart.com,https://www.flipkart.com/q/power-shoes
Proline T Shirts - Buy Proline T Shirts online at best prices - Flipkart.com,https://www.flipkart.com/q/proline-t-shirts
Polaroid Wayfarer - Buy Polaroid Wayfarer Online at India's Best Online Shopping Store - Polaroid Wayfarer Store - Flipkart.com,https://www.flipkart.com/q/polaroid-wayfarer
Popup Toaster - Buy Popup Toaster online at best prices - Flipkart.com,https://www.flipkart.com/q/popup-toaster
Provogue Shoes - Buy Provogue Shoes online at best prices - Flipkart.com,https://www.flipkart.com/q/provogue-shoes
Playboy Shoes - Buy Playboy Shoes online at best prices - Flipkart.com,https://www.flipkart.com/q/playboy-shoes
Puma Shoes New - Buy Puma Shoes New online at best prices - Flipkart.com,https://www.flipkart.com/q/puma-shoes-new
Pendants and Lockets - Buy Pendants and Lockets Online at Best Prices - Flipkart.com,https://www.flipkart.com/q/pendants-lockets
Pepe Jeans - Buy Pepe Jeans online at best prices - Flipkart.com,https://www.flipkart.com/q/pepe-jeans
Opium Aviator - Buy Opium Aviator online at best prices - Flipkart.com,https://www.flipkart.com/q/opium-aviator
Peter England Shirts - Buy Peter England Shirts online at best prices - Flipkart.com,https://www.flipkart.com/q/peter-england-shirts
Opium Wayfarer - Buy Opium Wayfarer Sunglasses Online at India's Best Online Shopping Opium Wayfarer Store - Flipkart.com,https://www.flipkart.com/q/opium-wayfarer
Office Bags - Buy Office Bags online at best prices - Flipkart.com,https://www.flipkart.com/q/office-bags
Pants - Buy Pants online at best prices - Flipkart.com,https://www.flipkart.com/q/pants
Oakley Aviator - Buy Oakley Aviator Sunglasses Store Online at India's Best Online Shopping Store - Flipkart.com,https://www.flipkart.com/q/oakley-aviator
Numero Uno Shoes - Buy Numero Uno Shoes online at best prices - Flipkart.com,https://www.flipkart.com/q/numero-uno-shoes
Nivia Shoes - Buy Nivia Shoes online at best prices - Flipkart.com,https://www.flipkart.com/q/nivia-shoes
North Star Shoes - Buy North Star Shoes online at best prices - Flipkart.com,https://www.flipkart.com/q/north-star-shoes
Nokia Mobile - Buy Nokia Mobile Phones Online at best Price In India - Flipkart.com,https://www.flipkart.com/q/nokia-mobiles
Nikon Cameras - Buy Nikon Cameras Online at India's Best Online Shopping Site Flipkart.com,https://www.flipkart.com/q/nikon-cameras
Oakley Wayfarer - Buy Oakley Wayfarer Online at India's Best Online Shopping Store - Oakley Wayfarer Store - Flipkart.com,https://www.flipkart.com/q/oakley-wayfarer
Nexus Mobiles - Buy Nexus Mobiles online at best prices - Flipkart.com,https://www.flipkart.com/q/nexus-mobiles
Nike Shoes Online For Men & Women at Best Prices in India- Flipkart,https://www.flipkart.com/q/nike-shoes
Nokia Lumia Mobiles - Buy Nokia Lumia Mobiles online at best prices - Flipkart.com,https://www.flipkart.com/q/nokia-lumia-mobiles
Nokia Asha Mobiles - Buy Nokia Asha Mobiles online at best prices - Flipkart.com,https://www.flipkart.com/q/nokia-asha-mobiles
Nikon Coolpix Cameras - Buy Nikon Coolpix Cameras online at best prices - Flipkart.com,https://www.flipkart.com/q/nikon-coolpix-cameras
Nikon Dslr Cameras - Buy Nikon Dslr Cameras Online at India's Best Online Shopping Store | Flipkart.com,https://www.flipkart.com/q/nikon-dslr-cameras
Mtv Aviator - Buy Mtv Aviator Online at India's Best Online Shopping Store - Mtv Aviator Store - Flipkart.com,https://www.flipkart.com/q/mtv-aviator
Mtv Wayfarer - Buy Mtv Wayfarer Sunglasses Store Online at India's Best Online Shopping Store - Flipkart.com,https://www.flipkart.com/q/mtv-wayfarer
"Narendra Modi -Buy Narendra Modi Books,Mugs,Posters Online At Flipkart.com",https://www.flipkart.com/q/narendra-modi
Motorola Mobile - Buy Motorola Mobile Phones Online at best Price In India - Flipkart.com,https://www.flipkart.com/q/motorola-mobiles
Micromax Tablets - Buy Micromax Tablets Online at India's Best Online Shopping Store - Micromax Tablets Store - Flipkart.com,https://www.flipkart.com/q/micromax-tablets
Newfeel Shoes - Buy Newfeel Shoes online at best prices - Flipkart.com,https://www.flipkart.com/q/newfeel-shoes
Micromax Ninja Mobiles - Buy Micromax Ninja Mobiles online at best prices - Flipkart.com,https://www.flipkart.com/q/micromax-ninja-mobiles
Mochi Shoes - Buy Mochi Shoes online at best prices - Flipkart.com,https://www.flipkart.com/q/mochi-shoes
Micromax Superfone Mobiles - Buy Micromax Superfone Mobiles online at best prices - Flipkart.com,https://www.flipkart.com/q/micromax-superfone-mobiles
Maxx Mobiles - Buy Maxx Mobiles online at best prices - Flipkart.com,https://www.flipkart.com/q/maxx-mobiles
Nautica Watches - Buy Nautica Watches online at best prices - Flipkart.com,https://www.flipkart.com/q/nautica-watches
Maco Shoes - Buy Maco Shoes online at best prices - Flipkart.com,https://www.flipkart.com/q/maco-shoes
Metro Shoes - Buy Metro Shoes online at best prices - Flipkart.com,https://www.flipkart.com/q/metro-shoes
Micromax Mobile - Buy Micromax Mobile Phones Online at best Price In India - Flipkart.com,https://www.flipkart.com/q/micromax-mobiles
Lotto Shoes - Buy Lotto Shoes online at best prices - Flipkart.com,https://www.flipkart.com/q/lotto-shoes
Lg Optimus Mobiles - Buy Lg Optimus Mobiles online at best prices - Flipkart.com,https://www.flipkart.com/q/lg-optimus-mobiles
Loafers - Buy Loafers online at best prices - Flipkart.com,https://www.flipkart.com/q/loafers
Levi S Shoes - Buy Levi S Shoes online at best prices - Flipkart.com,https://www.flipkart.com/q/levi-s-shoes
Levis Jeans - Buy Levis Jeans Online at India's Best Online Shopping Store - Flipkart.com,https://www.flipkart.com/q/levi-s-jeans
Lg Mobile - Buy Lg Mobile Phones Online at best Price In India - Flipkart.com,https://www.flipkart.com/q/lg-mobiles
Lee Shirts - Buy Lee Shirts online at best prices - Flipkart.com,https://www.flipkart.com/q/lee-shirts
Lee T Shirts - Buy Lee T Shirts online at best prices - Flipkart.com,https://www.flipkart.com/q/lee-t-shirts
Lee Jeans - Buy Lee Jeans online at best prices - Flipkart.com,https://www.flipkart.com/q/lee-jeans
Lenovo Laptops - Buy Lenovo Laptops online at best prices - Flipkart.com,https://www.flipkart.com/q/lenovo-laptops
Lenovo Tablets - Latest Lenovo Tablets Online at India's Best Online Shopping Store - Flipkart.com,https://www.flipkart.com/q/lenovo-tablets
Lee Cooper Shoes - Buy Lee Cooper Shoes online at best prices - Flipkart.com,https://www.flipkart.com/q/lee-cooper-shoes
Levis T shirts for Men and Women | Buy Levis T shirts Online at India's Best Online Shopping Store | Flipkart.com,https://www.flipkart.com/q/levi-s-t-shirts
Levis T shirts for Men and Women - Buy Levis T shirts Online at India's Best Online Shopping Store | Flipkart.com,https://www.flipkart.com/q/levi-s-shirts
Leather Jackets  - Buy leather jackets for men & women online on Flipkart at best prices,https://www.flipkart.com/q/leather-jackets
Leather Bags - Buy Leather Bags for Men & Women Online at India's Best Online Shopping Store - Flipkart.com,https://www.flipkart.com/q/leather-bags
Jute Bags - Buy Jute Bags online at best prices - Flipkart.com,https://www.flipkart.com/q/jute-bags
Karbonn Tablets - Buy Karbonn Tablets online at best prices - Flipkart.com,https://www.flipkart.com/q/karbonn-tablets
Kalenji Shoes - Buy Kalenji Shoes online at best prices - Flipkart.com,https://www.flipkart.com/q/kalenji-shoes
Kurtis - Buy Kurtas and Kurtis Online at India's Best Online Shopping Store - Flipkart.com,https://www.flipkart.com/q/kurtas-kurtis
Jordan Shoes - Buy Jordan Shoes Online at India's Best Online Shopping Store - Jordan Shoes Store | Flipkart.com,https://www.flipkart.com/q/jordan-shoes
Induction Pressure Cooker - Buy Induction Pressure Cooker online at best prices - Flipkart.com,https://www.flipkart.com/q/induction-pressure-cooker
Karbonn Smart Mobiles - Buy Karbonn Smart Mobiles online at best prices - Flipkart.com,https://www.flipkart.com/q/karbonn-smart-mobiles
Id Shoes - Buy Id Shoes online at best prices - Flipkart.com,https://www.flipkart.com/q/id-shoes
Joe Black Wayfarer - Buy Joe Black Wayfarer online at best prices - Flipkart.com,https://www.flipkart.com/q/joe-black-wayfarer
HTC Mobile - Buy HTC Mobile Phones Online at best Price In India - Flipkart.com,https://www.flipkart.com/q/htc-mobiles
Helix Watches - Buy Helix Watches online at best prices - Flipkart.com,https://www.flipkart.com/q/helix-watches
Hike Shoes - Buy Hike Shoes online at best prices - Flipkart.com,https://www.flipkart.com/q/hike-shoes
Hp Laptops - Buy Hp Laptops online at best prices - Flipkart.com,https://www.flipkart.com/q/hp-laptops
Homme Shoes - Buy Homme Shoes online at best prices - Flipkart.com,https://www.flipkart.com/q/homme-shoes
Htc Desire Mobiles - Buy Htc Desire Mobiles online at best prices - Flipkart.com,https://www.flipkart.com/q/htc-desire-mobiles
Gold Watches - Buy Gold Watches online For Men & Women At Best Prices in India - Flipkart.com,https://www.flipkart.com/q/gold-watches
Globalite Shoes - Buy Globalite Shoes online at best prices - Flipkart.com,https://www.flipkart.com/q/globalite-shoes
Gold Rings  - Buy Gold Rings For Women Online At Best Prices In India | Flipkart.com,https://www.flipkart.com/q/gold-rings
Gifts - Buy Gifts Online at India's Best Online Shopping Store - Gifts Store | Flipkart.com,https://www.flipkart.com/q/gifts
Hair Accessories - Buy Hair Accessories online at best prices - Flipkart.com,https://www.flipkart.com/q/hair-accessories
Fortune Shoes - Buy Fortune Shoes online at best prices - Flipkart.com,https://www.flipkart.com/q/fortune-shoes
Franco Leone Shoes - Buy Franco Leone Shoes online at best prices - Flipkart.com,https://www.flipkart.com/q/franco-leone-shoes
Gas Shoes - Buy Gas Shoes online at best prices - Flipkart.com,https://www.flipkart.com/q/gas-shoes
Gliders Shoes - Buy Gliders Shoes online at best prices - Flipkart.com,https://www.flipkart.com/q/gliders-shoes
Gold Earrings  - Buy Gold Earrings for Women Online At Best Prices In India | Flipkart.com,https://www.flipkart.com/q/gold-earrings
Formal Shoes for Men and Women |  Buy Formal Shoes Online at India's Best Online Shopping Site,https://www.flipkart.com/q/formal-shoes
Flying Machine Wayfarer - Buy Flying Machine Wayfarer Online at India's Best Online Shopping Store -Flipkart.com,https://www.flipkart.com/q/flying-machine-wayfarer
Force 10 Shoes - Buy Force 10 Shoes online at best prices - Flipkart.com,https://www.flipkart.com/q/force-10-shoes
Kitchen Set For Kids - Buy Kids Kitchen Sets Online At Best Prices in India - Flipkart.com,https://www.flipkart.com/q/kids-kitchen-sets
Fila Watches - Buy Fila Watches online at best prices - Flipkart.com,https://www.flipkart.com/q/fila-watches
Fila Shoes Online - Buy Fila Shoes at India's Best Online Shopping Site,https://www.flipkart.com/q/fila-shoes
Fcuk Watches - Buy Fcuk Watches online at best prices - Flipkart.com,https://www.flipkart.com/q/fcuk-watches
Htc One Mobiles - Buy Htc One Mobiles online at best prices - Flipkart.com,https://www.flipkart.com/q/htc-one-mobiles
"Formal Shirts Online for Men and Women at India's Best Online Shopping Store, Check latest trending in Formal Shirts @ Flipkart.com",https://www.flipkart.com/q/formal-shirts
Fastrack Aviator - Buy Fastrack Aviator Sunglasses Store Online at India's Best Online Shopping Store - Flipkart.com,https://www.flipkart.com/q/fastrack-aviator
Fastrack Wayfarer - Buy Fastrack Wayfarer Sunglasses Store Online at India's Best Online Shopping Store - Flipkart.com,https://www.flipkart.com/q/fastrack-wayfarer
Famozi Shoes - Buy Famozi Shoes online at best prices - Flipkart.com,https://www.flipkart.com/q/famozi-shoes
Dummy For Testing - Buy Dummy For Testing online at best prices - Flipkart.com,https://www.flipkart.com/q/dummy-for-testing
Enroute Shoes - Buy Enroute Shoes online at best prices - Flipkart.com,https://www.flipkart.com/q/enroute-shoes
Fastrack Watches - Buy Fastrack Watches for Men and WomenOnline at India's Best Online Shopping Store - Flipkart.com,https://www.flipkart.com/q/fastrack-watches
Duke T Shirts - Buy Duke T Shirts online at best prices - Flipkart.com,https://www.flipkart.com/q/duke-t-shirts
Erke Shoes - Buy Erke Shoes online at best prices - Flipkart.com,https://www.flipkart.com/q/erke-shoes
Earrings  - Buy Earrings Online At Best Prices In India | Flipkart.com,https://www.flipkart.com/q/earrings
Diaries 2015 - Buy Diaries 2015 Online at India's Best Online Shopping Store - Diaries 2015 Store - Flipkart.com,https://www.flipkart.com/q/diaries-2015
Diamond Rings - Buy Diamond Rings for Women Online at Best Prices in India | Flipkart.com,https://www.flipkart.com/q/diamond-rings
Clothing Irons - Buy Dry Irons Online at India's Best Online Shopping Store - Dry Iron Store - Flipkart.com,https://www.flipkart.com/q/dry-iron
Electronic Toys - Buy Electronic Toys online at best prices - Flipkart.com,https://www.flipkart.com/q/electronic-toys
Crocs Shoes - Buy Crocs Shoes online at best prices - Flipkart.com,https://www.flipkart.com/q/crocs-shoes
Converse Shoes - Buy Converse Shoes online at best prices - Flipkart.com,https://www.flipkart.com/q/converse-shoes
Designer Curtains - Buy Designer Curtains online at best prices - Flipkart.com,https://www.flipkart.com/q/designer-curtains
Dell Laptops - Buy Dell Laptops online at best prices - Flipkart.com,https://www.flipkart.com/q/dell-laptops
Diamond Earrings - Buy Diamond Earrings online at best prices - Flipkart.com,https://www.flipkart.com/q/diamond-earrings
Designer Watches - Buy Designer Watches online at best prices - Flipkart.com,https://www.flipkart.com/q/designer-watches
Comfit Shoes - Buy Comfit Shoes online at best prices - Flipkart.com,https://www.flipkart.com/q/comfit-shoes
Casual Shoes Online - Buy Casual Shoes at India's Best Online Shopping Site,https://www.flipkart.com/q/casual-shoes
Carlo Rossi Shoes - Buy Carlo Rossi Shoes online at best prices - Flipkart.com,https://www.flipkart.com/q/carlo-rossi-shoes
Cargos - Buy Cargo pants for Men Online at India's Best Online Shopping Store - Cargos Store | Flipkart.com,https://www.flipkart.com/q/cargos
Casual shirts for men's online - Flipkart.com,https://www.flipkart.com/q/casual-shirts
Cobblerz Shoes - Buy Cobblerz Shoes online at best prices - Flipkart.com,https://www.flipkart.com/q/cobblerz-shoes
Clarks Shoes - Buy Clarks Shoes online at best prices - Flipkart.com,https://www.flipkart.com/q/clarks-shoes
Canon Dslr Cameras - Shop Canon Dslr Cameras Online at India's Best Online Shopping site Flipkart.com,https://www.flipkart.com/q/canon-dslr-cameras
Casio Sports - Buy Casio Sports online at best prices - Flipkart.com,https://www.flipkart.com/q/casio-sports
Carlton London Shoes - Buy Carlton London Shoes online at best prices - Flipkart.com,https://www.flipkart.com/q/carlton-london-shoes
Canon Cameras - Buy Canon Digital Cameras Online at India's Best Shopping Flipkart.com,https://www.flipkart.com/q/canon-cameras
Blue Watches - Buy Blue Watches online at best prices - Flipkart.com,https://www.flipkart.com/q/blue-watches
Breast Pumps - Buy Breast Milk Pumps Online In India At Best Prices - Flipkart.com,https://www.flipkart.com/q/breast-pumps
Bridal Makeup Kits - Buy Bridal Makeup Kits online at best prices - Flipkart.com,https://www.flipkart.com/q/bridal-makeup-kits
Bluetooth Speakers - Buy Bluetooth Speakers Online at Best Prices in India | Flipkart.com,https://www.flipkart.com/q/bluetooth-speakers
Blackberry Curve Mobiles - Buy Blackberry Curve Mobiles online at best prices - Flipkart.com,https://www.flipkart.com/q/blackberry-curve-mobiles
Campus Shoes - Buy Campus Shoes online at best prices - Flipkart.com,https://www.flipkart.com/q/campus-shoes
Boots - Buy Boots online at best prices - Flipkart.com,https://www.flipkart.com/q/boots
Birthday Gifts - Buy Birthday Gifts Online at India's Best Online Shopping Store - Birthday Gifts Store | Flipkart.com,https://www.flipkart.com/q/birthday-gifts
Blackberrys Shirts - Buy Blackberrys Shirts online at best prices - Flipkart.com,https://www.flipkart.com/q/blackberrys-shirts
Blackberry Mobiles - Buy Blackberry Mobiles online at best prices - Flipkart.com,https://www.flipkart.com/q/blackberry-mobiles
Blackberry Bold Mobiles - Buy Blackberry Bold Mobiles online at best prices - Flipkart.com,https://www.flipkart.com/q/blackberry-bold-mobiles
Blackberrys Trouser - Buy Blackberrys Trouser online at best prices - Flipkart.com,https://www.flipkart.com/q/blackberrys-trouser
Baby Wipes - Buy Baby Wipes online at best prices - Flipkart.com,https://www.flipkart.com/q/baby-wipes
"Bata Shoes - Buy Bata Shoes Online For Men, Women & Kids At Best Prices In India - Flipkart.com",https://www.flipkart.com/q/bata-shoes
Baby Furnitures - Buy Baby Furnitures online at best prices - Flipkart.com,https://www.flipkart.com/q/baby-furnitures
Baby Gear - Buy Baby Gear online at best prices - Flipkart.com,https://www.flipkart.com/q/baby-gear
Baby Diaper Bags - Buy Baby Diaper Bags online at best prices - Flipkart.com,https://www.flipkart.com/q/baby-diaper-bags
Asus Tablets - Buy Latest Asus Tablets Online at India's Best Online Shopping Store - Flipkart.com,https://www.flipkart.com/q/asus-tablets
Arrow Shoes - Buy Arrow Shoes online at best prices - Flipkart.com,https://www.flipkart.com/q/arrow-shoes
Baby Feeding - Buy Baby Feeding online at best prices - Flipkart.com,https://www.flipkart.com/q/baby-feeding
Baby Bedding Store - Buy Baby Bedding Products Online at India's Best Online Shopping Store - Flipkart.com,https://www.flipkart.com/q/baby-bedding
At Studio Shoes - Buy At Studio Shoes online at best prices - Flipkart.com,https://www.flipkart.com/q/at-studio-shoes
Baby Diapers - Buy Baby Diapers online at best prices - Flipkart.com,https://www.flipkart.com/q/baby-diapers
Apple Mobile - Buy Apple Mobile Phones Online at best Price In India - Flipkart.com,https://www.flipkart.com/q/apple-mobiles
Automatic Watches - Buy Automatic Watches online at best prices - Flipkart.com,https://www.flipkart.com/q/automatic-watches
Aluminium Wallet - Buy Aluminium Wallet online at best prices - Flipkart.com,https://www.flipkart.com/q/aluminium-wallet
Arrow Shirts - Buy Arrow Shirts online at best prices - Flipkart.com,https://www.flipkart.com/q/arrow-shirts
Alienware Laptops - Buy Alienware Laptops online at best prices - Flipkart.com,https://www.flipkart.com/q/alienware-laptops
American Swan Shoes - Buy American Swan Shoes online at best prices - Flipkart.com,https://www.flipkart.com/q/american-swan-shoes
Apple ipad  - Buy Apple iPad Tablets Online at India's Best Online Shopping Store - Apple Tablets Store - Flipkart.com,https://www.flipkart.com/q/apple-tablets
Alberto Torresi Shoes - Buy Alberto Torresi Shoes online at best prices - Flipkart.com,https://www.flipkart.com/q/alberto-torresi-shoes
Adidas Golf Shoes - Buy Adidas Golf Shoes Online at Best Prices in India,https://www.flipkart.com/q/adidas-golf-shoes
Allen Solly Shoes - Buy Allen Solly Shoes online at best prices - Flipkart.com,https://www.flipkart.com/q/allen-solly-shoes
Anarkalis Online at India's Best Online Shopping Store - Flipkart.com,https://www.flipkart.com/q/anarkalis
42 Inches Led TV - Buy 42 Inches Led TV Online at India's Best Online Shopping Store - Flipkart.com,https://www.flipkart.com/q/42-inches-led-tv
Alarm Clock - Buy Alarm Clock Online at Best Prices | Flipkart.com,https://www.flipkart.com/q/alarm-clocks
Adidas T shirts for Men and Women - Buy Adidas T shirts Online at India's Best Online Shopping Store | Flipkart.com,https://www.flipkart.com/q/adidas-t-shirts
Acer Laptops - Buy Acer Laptops online at best prices - Flipkart.com,https://www.flipkart.com/q/acer-laptops
42 Inches Plasma Tv - Buy 42 Inches Plasma Tv online at best prices - Flipkart.com,https://www.flipkart.com/q/42-inches-plasma-tv
42 Inches Lcd Tv - Buy 42 Inches Lcd Tv online at best prices - Flipkart.com,https://www.flipkart.com/q/42-inches-lcd-tv
"5.1 Speakers - Buy 5.1 Surround Sound, Speaker System, Home Theater Online at Flipkart.com",https://www.flipkart.com/q/5-1-speakers
40 Inches Led TV - Buy 40 Inches Led TV Online at India's Best Online Shopping Store - Flipkart.com,https://www.flipkart.com/q/40-inches-led-tv
26 Inches Led TV - Buy 26 Inches Led TV Online at India's Best Online Shopping Store - Flipkart.com,https://www.flipkart.com/q/26-inches-led-tv
32 Inches Lcd Tv - Buy 32 Inches Lcd Tv online at best prices - Flipkart.com,https://www.flipkart.com/q/32-inches-lcd-tv
29 Inches Lcd Tv - Buy 29 Inches Lcd Tv online at best prices - Flipkart.com,https://www.flipkart.com/q/29-inches-lcd-tv
32 Inch Led TV: Check  Buy 32 Inch Led TV Prices Online at Flipkart,https://www.flipkart.com/q/32-inches-led-tv
29 Inches Led TV - Buy 29 Inches Led TV Online at India's Best Online Shopping Store - Flipkart.com,https://www.flipkart.com/q/29-inches-led-tv
Games  - Buy Video Games Store Products Online at Best Price in India - Flipkart.com,https://www.flipkart.com/games
2.1 Speakers - Buy 2.1 Speakers Online at India's Best Online Shopping Store - 2.1 Speakers Store - Flipkart.com,https://www.flipkart.com/q/2-1-speakers
"Lenovo A6000 (White, 8 GB) Online at Best Price with Great Offers Only On Flipkart.com",https://www.flipkart.com/lenovo-a6000-white-8-gb/p/itmea38nnwcsephf?pid=MOBEA38NTZ5TBYTA&srno=s_1_1&otracker=search&lid=LSTMOBEA38NTZ5TBYTAJCONFW&qH=c386d0897c9f6dea
Herbal & Ayurvedic Store Online - Buy Herbal & Ayurvedic Products Online at Best Price in India | Flipkart.com,http://www.flipkart.com/health-and-beauty/herbal-ayurvedic
"
Moto G (2nd Gen) - Buy Moto G (2nd Gen) Online at Best Price in India - Flipkart.com
",http://www.flipkart.com/motorola/newmotog
26 Inches Lcd Tv - Buy 26 Inches Lcd Tv online at best prices - Flipkart.com,https://www.flipkart.com/q/26-inches-lcd-tv
Redmi Note 4: Check Specification and Features of Redmi Note 4  and Buy Online at Best prices on Flipkart,"https://www.flipkart.com/mobiles/~redmi-note-4/pr?sid=tyy,4io"
24 Inches Lcd Tv - Buy 24 Inches Lcd Tv Online at India's Best Online Shopping Store - 24 Inches Lcd Tv Store | Flipkart.com,https://www.flipkart.com/q/24-inches-lcd-tv
Baby Care & Toys Store Online - Buy Baby Care & Toys Products Online at Best Price in India | Flipkart.com,http://www.flipkart.com/baby-care-toys
24 Inches Led TV - Buy 24 Inches Led TV Online at India's Best Online Shopping Store - Flipkart.com,https://www.flipkart.com/q/24-inches-led-tv
Mobile Phones: Buy Mobiles Online at Best Prices in India,https://www.flipkart.com/mobile-phones-store
Digiflip Pro Accessories for Mobile. Buy Genuine Mobiles Accessories Digiflip Pro at best prices in India | Flipkart.com,https://www.flipkart.com/mobiles-accessories/digiflip-pro~brand/pr?sid=tyy
"Online Shopping India | Buy Mobiles, Electronics, Appliances, Clothing and More Online at Flipkart.com","https://www.flipkart.com/toys/infant-toddler-toys/musical-toys/pr?sid=mgl,166,fbp&otracker=product_breadCrumbs_Musical+Toys"
"
Women Store - Buy Women Clothing, Footwear, Watches, Sunglasses,  Jewellery, Beauty &amp; Wellness Products, Bags, Belts &amp; Clutches Online at Flipkart
",http://www.flipkart.com/women
Bookmark IT - Shop for Books Discounts Products Online at Best Price in India | Flipkart.com,http://www.flipkart.com/books/special-offers
Motorola Mobile Phones: Buy Motorola Mobiles Online at Lowest Prices in India 07-Jan-18.,"https://www.flipkart.com/mobiles/motorola~brand/pr?sid=tyy,4io"
Educational Store Online - Buy Educational Products Online at Best Price in India | Flipkart.com,http://www.flipkart.com/toys/educational
Boys Toys Store - Buy Toys For Boys Online at Best Prices in Inida - Flipkart.com,http://www.flipkart.com/toys/toys-for-boys
Wedding Store - Buy Wedding Collection & Designer Wedding dresses for Bride & Groom Online at Best Price in India - Flipkart.com,https://www.flipkart.com/wedding-store
"
Lenovo A6000 Plus - Buy Lenovo A6000 Plus Online at Best Price in India at Flipkart.com
",http://www.flipkart.com/lenovo-a6000-plus
"Shoes For Women - Buy Ladies Shoes, Women's Footwear Online At Best Prices in India - Flipkart.com","https://www.flipkart.com/womens-footwear/pr?sid=osp,iko"
AC - Buy Air Conditioners Online at Best Prices in India,https://www.flipkart.com/air-conditioners/pr?sid=j9e%2Cabm%2Cc54
"
Tangerine Store Online - Buy Tangerine Products Online at Best Price in India | Flipkart.com
",http://www.flipkart.com/tangerine
Wd Storage - Buy Wd Storage Online at Best Prices in India | Flipkart.com,"https://www.flipkart.com/computers/storage/wd~brand/pr?sid=6bo,jdy"
"
XT811 Online - Buy XT811 Products Online at Best Price in India | Flipkart.com
",http://www.flipkart.com/digiflip-pro/xt811
Soft Toys - Buy Soft Toys Online at Best Prices in India - Flipkart.com,https://www.flipkart.com/toys/soft-toys/pr?sid=mgl%2C1zt&otracker=product_breadCrumbs_Soft%20Toys
Kitchen Appliances Store Online - Buy Kitchen Appliances Products Online at Best Price in India | Flipkart.com,https://www.flipkart.com/home-kitchen/kitchen-appliances/pr?sid=j9e%2Cm38
"
Arihant Publications books Online At best Price in india - Flipkart.com
",http://www.flipkart.com/arihant
"
Electronic Accessories - Buy Electronic Accessories Online At best price in India - Flipkart.com
",http://www.flipkart.com/accessories-electronics
Watches for Men - Buy Mens Watches Online Sale at Best Price in India | Flipkart.com,https://www.flipkart.com/mens-watches-store
Watches - Buy Watches Online for Men & Women at Best Prices & Offers in India  | Flipkart.com,https://www.flipkart.com/watches/pr?sid=r18&otracker=product_breadCrumbs_Watches
Baby Diapers Store - Buy Diapers Online in India At Best Prices - Flipkart.com,"https://www.flipkart.com/baby-care/diapering-potty-training/diapers/pr?sid=kyh,fdp,yvf&otracker=product_breadCrumbs_Diapers"
United Colors Of Benetton Clothing - Buy United Colors Of Benetton Clothing Online at Best Prices in India | Flipkart.com,https://www.flipkart.com/clothing/united-colors-of-benetton~brand/pr?sid=2oq
"Pen Drive - Buy 4GB, 8GB, 16GB, 32GB, 64GB Pen Drives Online at Flipkart.com","https://www.flipkart.com/computers/storage/pen-drives/pr?sid=6bo,jdy,uar"
Camera Store Online -  Buy Cameras Online at Best Price in India | Flipkart.com,https://www.flipkart.com/cameras
Philips Trimmers - Latest  Philips Trimmer Online at Best Prices In India | Flipkart.com,https://www.flipkart.com/health-personal-care-appliances/personal-care-appliances/trimmers/philips~brand/pr?sid=zlw%2C79s%2Cby3
Home Furnishing Store - Buy Home Furnishing Products Online at Best Price in India - Flipkart.com,https://www.flipkart.com/home-furnishing-store
Ethnic Wear Online for Women at Best Prices in India | Flipkart.com,"https://www.flipkart.com/womens-clothing/ethnic-wear/pr?sid=2oq,c1r,3pj"
Home DÃ©cor - Buy Home Decorative Items Online | Flipkart.com,https://www.flipkart.com/home-decor-store
"Women Jeans | Denim, Skinny  & Flare Jeans - Flipkart","https://www.flipkart.com/womens-clothing/western-wear/jeans-shorts/jeans/pr?sid=2oq,c1r,ha6,uuk,q02"
Sexual Wellness - Buy Sexual Wellness Products online at best prices in India - Flipkart.com,https://www.flipkart.com/sexual-wellness/pr?sid=t06%2C7vg&otracker=product_breadCrumbs_Sexual%20Wellness
Buy Maternity Care Products Online In India At Best Prices - Flipkart.com,"https://www.flipkart.com/baby-care/maternity-care/pr?sid=kyh,brd&otracker=product_breadCrumbs_Maternity+Care"
Mens Tshirt Store Online - Buy Mens Tshirt Products Online at Best Price in India | Flipkart.com,https://www.flipkart.com/mens-tshirt-store
Health Care Devices Store Online - Buy Health Care Devices Products Online at Best Price in India - Flipkart.com,https://www.flipkart.com/beauty-and-personal-care/health-care/health-care-devices
Puma Men's Footwear - Buy Puma Shoes Online at Best Prices In India | Flipkart.com,"https://www.flipkart.com/mens-footwear/puma~brand/pr?sid=osp,cil"
Washing Machine - Buy Washing Machines Online at Best Prices in India - Flipkart.com,https://www.flipkart.com/home-kitchen/home-appliances/washing-machines
"
Christmas Shopping Store - Buy Christmas Gifts & Tree Decorations online at Best Price in India | Flipkart.com
",http://www.flipkart.com/christmas-shopping
Lenovo Yoga 2 Tablet Android 8 inch Price in India - Buy Lenovo Yoga 2 Tablet Android 8 inch Platinum 16 Online - Lenovo : Flipkart.com,https://www.flipkart.com/lenovo-yoga-2-tablet-android-8-inch/p/itmeyqkz6gxnkkmn
Flipkart.com | Buy Moto X 2nd Gen Mobiles Online at Best Prices In India,https://www.flipkart.com/mobiles/~moto-x-2nd-gen/pr?sid=tyy%2C4io
Flipkart.com | Buy Home Audio Online at Best Prices In India,"https://www.flipkart.com/home-entertainment/home-audio/pr?sid=ckf,rlj&otracker=product_breadCrumbs_Home+Audio"
Software - Buy Software Online at Best Prices in India,"https://www.flipkart.com/computers/software/pr?sid=6bo,5hp"
Washing Machines Home Appliances - Buy Washing Machines Home Appliances Online at Best Prices in India | Flipkart.com,https://www.flipkart.com/home-kitchen/home-appliances/washing-machines~brand/pr?sid=j9e%2Cabm
Micromax 106cm (42 inch) Ultra HD (4K) LED Smart TV Online at best Prices In India,https://www.flipkart.com/micromax-106cm-42-inch-ultra-hd-4k-led-smart-tv/p/itme3bzgkr8gsf8q
"Sunglasses - Buy Stylish Sunglasses for Men & Women, Cooling Glasses Online at Best Prices in India",https://www.flipkart.com/sunglasses/pr?sid=26x
Television | Buy TVs Online at Best Price in India - Flipkart.com,https://www.flipkart.com/television-store
"
Westland Publications books Online At best Price in india - Flipkart.com
",http://www.flipkart.com/westland
"Flipkart Online Shopping Apps - Download for Free Flipkart Mobile Apps for Android, iPhone & Windows Devices.",https://www.flipkart.com/mobile-apps
"Online Shopping India | Buy Mobiles, Electronics, Appliances, Clothing and More Online at Flipkart.com",https://www.flipkart.com/music-movies-posters/pr?sid=4kt
Flipkart.com | Buy Nexus 6 Mobiles Online at Best Prices In India,https://www.flipkart.com/mobiles/~nexus-6/pr?sid=tyy%2C4io
Laptops - Buy Laptops at Best Prices in India Online at Flipkart.com,https://www.flipkart.com/laptops-store
"Sports & Fitness products| Buy exercise and gym equipment, treadmill at best prices",https://www.flipkart.com/sports-fitness/pr?sid=dep
Kitchen Dining Store Online - Buy Kitchenware & Household Items Online at Best Price in India | Flipkart.com,https://www.flipkart.com/kitchen-dining-store
Movies Store Online - Buy Movies Products Online at Best Price in India | Flipkart.com,https://www.flipkart.com/movies-store
"
XT911 Online - Buy XT911 Products Online at Best Price in India | Flipkart.com
",http://www.flipkart.com/digiflip-pro/xt911
Educational And Professional Books  - Buy Educational And Professional Books Online at Best Prices - India's Largest Books Store  | Flipkart.com,"https://www.flipkart.com/books/educational-and-professional-books/pr?sid=bks,enp"
Microwave Oven - Buy Microwave Ovens Online at Best Prices in India - Flipkart.com,https://www.flipkart.com/home-kitchen/kitchen-appliances/microwave-ovens
Watches - Buy Watches Online for Men & Women at Best Prices & Offers in India  | Flipkart.com,https://www.flipkart.com/watches/pr?sid=r18
"
Disney Store - Buy Disney Toys , Disney School Supplies, Disney Character Merchandise  Online at Flipkart
",http://www.flipkart.com/disney
Health And Beauty Store - Buy Health And Beauty Products Online at Best Price in India | Flipkart.com,http://www.flipkart.com/health-and-beauty
Laptop Accessories - Buy Laptop Accessories Online at Best Prices in India,https://www.flipkart.com/laptop-accessories/pr?sid=6bo%2Cai3
Jewellery online | Buy Designer Jewellery Online At Best Prices in India - Flipkart.com,https://www.flipkart.com/jewellery/pr?sid=mcr
Luxury Watches - Buy Luxury Watches Online at Best Prices in India,https://www.flipkart.com/watches/~luxury-watches/pr?sid=r18
"Online Shopping India | Buy Mobiles, Electronics, Appliances, Clothing and More Online at Flipkart.com","https://www.flipkart.com/toys/educational-toys/learning-toys/pr?sid=mgl,u35&otracker=product_breadCrumbs_Learning+%26+Educational+Toys+"
"
Flipkart Pickup Stores - Collect your delivery from our new Pickup Stores.
",http://www.flipkart.com/pickup-stores
Posters - Buy Wall Posters Online at Best Prices In India | Flipkart.com,https://www.flipkart.com/home-decor/wall-decor-clocks/posters/pr?sid=1m7%2Catt%2Ctjw
Baby Gear Online - Buy Strollers And Active Gear Products Online at Best Price in India | Flipkart.com,http://www.flipkart.com/baby-care/strollers-and-active-gear
Diaries - Buy Diaries Online at Best Prices in India,"https://www.flipkart.com/pens-stationery/office-supplies/diaries/pr?sid=dgv,tkw,mwh&otracker=product_breadCrumbs_Diaries"
International Books Store Online - Buy International Books Products Online at Best Price in India | Flipkart.com,http://www.flipkart.com/books/international-books-l
Flipkartfirst Store Online - Buy Flipkartfirst Products Online at Best Price in India | Flipkart.com,https://www.flipkart.com/account/flipkartfirst
Tablets - Buy Tablets Online at Best Price in India | Flipkart.com,https://www.flipkart.com/tablets
Home Appliances Store - Buy Small Home Appliances Online at Best Price in India | Flipkart.com,https://www.flipkart.com/home-appliance-store
"Online Shopping India | Buy Mobiles, Electronics, Appliances, Clothing and More Online at Flipkart.com","https://www.flipkart.com/pens-stationery/office-equipments/pr?sid=dgv,id7"
"
ET701 Online - Buy ET701 Products Online at Best Price in India | Flipkart.com
",http://www.flipkart.com/digiflip-pro/et701
"
You wish, we fulfil. With Flipkart #AbHarWishHogiPoori
",http://www.flipkart.com/everywishfulfilled
Mens Jeans Store Online - Buy Mens Jeans Products Online at Best Price in India | Flipkart.com,https://www.flipkart.com/mens-jeans-store
Online Shopping  Clothing for Men and women Clothes  at Best Price in India - Flipkart.com,https://www.flipkart.com/clothing/pr?sid=2oq
Refrigerator | Buy Refrigerators Online at Best Price in India - Flipkart.com,https://www.flipkart.com/home-kitchen/home-appliances/refrigerators
Dolls Doll Houses - Buy Dolls Doll Houses Online at Best Prices in India - Flipkart.com,"https://www.flipkart.com/toys/dolls-doll-houses/pr?sid=mgl,fnw"
Calculators - Buy Calculators Online at Best Prices In India | Flipkart.com,"https://www.flipkart.com/pens-stationery/calculators/pr?sid=dgv,qtq&otracker=product_breadCrumbs_Calculators"
"
Adidas Store Online - Buy Adidas Products Online At Best Prices in India
",http://www.flipkart.com/adidas
Asus Mobile Phones: Buy Asus Mobiles Online at Lowest Prices in India 07-Jan-18.,"https://www.flipkart.com/mobiles/asus~brand/pr?sid=tyy,4io"
Watches For Women Store Online - Buy Watches For Women Products Online at Best Price in India | Flipkart.com,http://www.flipkart.com/lifestyle/watches-for-women
Role Play Toys - Buy Role Play Toys Online at Best Prices in India - Flipkart.com,"https://www.flipkart.com/toys/role-play-toys/pr?sid=mgl,bbl&otracker=product_breadCrumbs_Role+Play+Toys"
"
Yotaphone - Buy Yotaphone Mobile Online at Best Price in India - Flipkart.com
",http://www.flipkart.com/yotaphone
Men's Winter Wear Online at Best Prices | Flipkart.com,"https://www.flipkart.com/mens-clothing/winter-seasonal-wear/pr?sid=2oq,s9b,qgu"
Bulbs - Buy LED Bulbs & CFL Bulbs Online at Best Prices In India | Flipkart.com,https://www.flipkart.com/household/lighting/bulbs/pr?sid=r4l%2Cpaf%2Cm99
"
Kochadaiyaan Mobiles - Buy Kochadaiyaan Mobiles Online at Best Price in India - Flipkart.com
",http://www.flipkart.com/kochadaiyaanmobiles
"
Micromax 49 Uhd Tv Store Online - Buy Micromax 49 Uhd Tv Products Online at Best Price in India | Flipkart.com
",http://www.flipkart.com/micromax-49-uhd-tv
Lee Clothing - Buy Lee Clothing Online at Best Prices in India | Flipkart.com,https://www.flipkart.com/clothing/lee~brand/pr?sid=2oq
Mi Mobile Phones and Smartphones Online at Lowest Prices in India,"https://www.flipkart.com/mobiles/mi~brand/pr?sid=tyy,4io"
Women's Clothing Store Online in India - Flipkart.com,https://www.flipkart.com/womens-clothing-store
Men's Clothing Online Store | Flipkart.com,https://www.flipkart.com/mens-clothing-store
Exclusive Value for Money Mobile Store - Buy Cheap Mobiles Online at Flipkart.com,https://www.flipkart.com/value-store
Baby Clothes online  | Newborn Clothes at Best Prices in India,"https://www.flipkart.com/kids-clothing/infants-wear/pr?sid=2oq,mpf,cki"
"Buy Kids shoes, sandals for girls &amp; boys online at best prices in India | Flipkart.com","https://www.flipkart.com/footwear/kids-infant-footwear/pr?sid=osp,mba"
Mi Accessories for Mobile. Buy Genuine Mobiles Accessories Mi at best prices in India | Flipkart.com,https://www.flipkart.com/mobiles-accessories/mi~brand/pr?sid=tyy
Flipkart.com | Buy Precious Jewellery Online at Best Prices In India,"https://www.flipkart.com/jewellery/precious-jewellery/pr?sid=mcr,ykh"
Western Wear - Women's Western Dresses Clothing Online at Best prices | Flipkart.com,"https://www.flipkart.com/womens-clothing/western-wear/pr?sid=2oq,c1r,ha6"
Toys - Buy Toys Online at Best Prices in India - Flipkart.com,https://www.flipkart.com/toys/pr?sid=mgl
HP Stream 8 Tablet Price in India - Buy HP Stream 8 Tablet Black 32 Online - HP : Flipkart.com,https://www.flipkart.com/hp-stream-8-tablet/p/itme2zfehgr4ejhg
Flipkart.com | Buy Baby Toys Online at Best Prices In India,"https://www.flipkart.com/baby-care/baby-toys/pr?sid=kyh,srh&q=baby+toys&otracker=categorytree"
Vero Moda Womens Clothing - Buy Vero Moda Womens Clothing Online at Best Prices in India | Flipkart.com,"https://www.flipkart.com/womens-clothing/vero-moda~brand/pr?sid=2oq,c1r"
"Honor Holly (Black/White, 16 GB) Online at Best Price with Great Offers Only On Flipkart.com",https://www.flipkart.com/honor-holly-black-white-16-gb/p/itmeuyd8qgtbzmaz
Footwear - Buy Footwear Online at Best Prices in India,https://www.flipkart.com/footwear/pr?sid=osp
Mobile Accessories - Buy Mobile Accessories Online at Best Prices in India.,"https://www.flipkart.com/mobile-accessories/pr?sid=tyy,4mr"
Air Coolers - Buy Air Cooler Online  at Best Prices In India | Flipkart.com,https://www.flipkart.com/air-coolers/pr?sid=j9e%2Cabm%2C52j
Motorola Smart Watches - Buy Motorola Smart Watches Online at Best Prices In India | Flipkart.com,"https://www.flipkart.com/wearable-smart-devices/smart-watches/motorola~brand/pr?sid=ajy,buh"
Alcatel Mobile Phones: Buy Alcatel Mobiles Online at Lowest Prices in India 07-Jan-18.,"https://www.flipkart.com/mobiles/alcatel~brand/pr?sid=tyy,4io"
"
Scholastic Publications books Online At best Price in india - Flipkart.com
",http://www.flipkart.com/scholastic
Flipkart.com | Buy Kids Accessories Online at Best Prices In India,https://www.flipkart.com/kids-accessories/pr?sid=d69
"
Achha Kiya jo Nahin Khareeda
",http://www.flipkart.com/achhakiya
"Valentines Day Gifts - Buy Valentines Day Presents for Him, Her, Husband, Wife | Flipkart.com",https://www.flipkart.com/valentines-day-gifts-store
Books Online at Best Price | Flipkart.com,https://www.flipkart.com/offers/books
"
Superhero Store - Buy Superhero Products Online at Best Price in India | Flipkart.com
",http://www.flipkart.com/superhero
Baby Care Products - Buy Baby Products Online at Best Prices in India | Flipkart.com,https://www.flipkart.com/baby-care/pr?sid=kyh
Sarees - Buy Sarees Online at Best Prices in India | Flipkart.com,https://www.flipkart.com/sarees/pr?sid=2oq%2Cc1r%2C3pj%2C7od
Outdoor Toys - Buy Outdoor Toys Online at Best Prices in India - Flipkart.com,"https://www.flipkart.com/toys/outdoor-toys/pr?sid=mgl,1k9"
Flipkart.com | Buy Android One Mobiles Online at Best Prices In India,https://www.flipkart.com/mobiles/~android-one/pr?sid=tyy%2C4io
Tools - Buy Tools Online at Best Prices in India | Flipkart.com,https://www.flipkart.com/tools-hardware/tools/pr?sid=amz%2Fqrp
Books - Buy Books Online at Best Price in India | Flipkart.com,https://www.flipkart.com/books-store
"Honor 6 (Black, 16 GB) Online at Best Price with Great Offers Only On Flipkart.com",https://www.flipkart.com/honor-6-black-16-gb/p/itmeuyd7vtk4gyvs
Computer Accessories - Buy Computer/Desktop/PC Accessories Online at Best Prices in India,https://www.flipkart.com/computers/pr?sid=6bo&otracker=product_breadCrumbs_Computers
